timestamp,VmSize_kB,VmRSS_kB,VmData_kB,VmStk_kB
2025-05-12 12:15:54,171980,56868,2152,264
2025-05-12 12:15:55,171980,56868,2152,264
2025-05-12 12:15:56,171980,56868,2152,264
2025-05-12 12:15:57,171980,56868,2152,264
2025-05-12 12:15:58,171980,56868,2152,264
2025-05-12 12:15:59,171980,56868,2152,264
2025-05-12 12:16:00,171980,56868,2152,264
2025-05-12 12:16:01,171980,56868,2152,264
2025-05-12 12:16:02,171980,56868,2152,264
2025-05-12 12:16:03,171980,56868,2152,264
2025-05-12 12:16:04,171980,56868,2152,264
2025-05-12 12:16:05,171980,56868,2152,264
2025-05-12 12:16:06,171980,56868,2152,264
2025-05-12 12:16:07,171980,56868,2152,264
2025-05-12 12:16:08,171980,56868,2152,264
2025-05-12 12:16:10,171980,56868,2152,264
2025-05-12 12:16:11,171980,56868,2152,264
2025-05-12 12:16:12,171980,56868,2152,264
2025-05-12 12:16:13,171980,56868,2152,264
2025-05-12 12:16:14,171980,56868,2152,264
2025-05-12 12:16:15,171980,56868,2152,264
2025-05-12 12:16:16,171980,56868,2152,264
2025-05-12 12:16:17,171980,56868,2152,264
2025-05-12 12:16:18,171980,56868,2152,264
2025-05-12 12:16:19,171980,56868,2152,264
2025-05-12 12:16:20,171980,56868,2152,264
2025-05-12 12:16:21,171980,56868,2152,264
2025-05-12 12:16:22,171980,56868,2152,264
2025-05-12 12:16:23,171980,56868,2152,264
2025-05-12 12:16:24,171980,56868,2152,264
2025-05-12 12:16:25,171980,56868,2152,264
2025-05-12 12:16:26,171980,56868,2152,264
2025-05-12 12:16:27,171980,56868,2152,264
2025-05-12 12:16:29,171980,56868,2152,264
2025-05-12 12:16:30,171980,56868,2152,264
2025-05-12 12:16:31,171980,56868,2152,264
2025-05-12 12:16:32,171980,56868,2152,264
2025-05-12 12:16:33,171980,56868,2152,264
2025-05-12 12:16:34,171980,56868,2152,264
2025-05-12 12:16:35,171980,56868,2152,264
2025-05-12 12:16:36,171980,56868,2152,264
2025-05-12 12:16:37,171980,56868,2152,264
2025-05-12 12:16:38,171980,56868,2152,264
2025-05-12 12:16:39,171980,56868,2152,264
2025-05-12 12:16:40,171980,56868,2152,264
2025-05-12 12:16:41,171980,56868,2152,264
2025-05-12 12:16:42,171980,56868,2152,264
2025-05-12 12:16:43,171980,56868,2152,264
2025-05-12 12:16:44,171980,56868,2152,264
2025-05-12 12:16:45,171980,56868,2152,264
2025-05-12 12:16:46,171980,56868,2152,264
2025-05-12 12:16:48,171980,56868,2152,264
2025-05-12 12:16:49,171980,56868,2152,264
2025-05-12 12:16:50,171980,56868,2152,264
2025-05-12 12:16:51,171980,56868,2152,264
2025-05-12 12:16:52,171980,56868,2152,264
2025-05-12 12:16:53,171980,56868,2152,264
2025-05-12 12:16:54,171980,56868,2152,264
2025-05-12 12:16:55,171980,56868,2152,264
2025-05-12 12:16:56,171980,56868,2152,264
2025-05-12 12:16:57,171980,56868,2152,264
2025-05-12 12:16:58,171980,56868,2152,264
2025-05-12 12:16:59,171980,56868,2152,264
2025-05-12 12:17:00,171980,56868,2152,264
2025-05-12 12:17:01,171980,56868,2152,264
2025-05-12 12:17:02,171980,56868,2152,264
2025-05-12 12:17:03,171980,56868,2152,264
2025-05-12 12:17:04,171980,56868,2152,264
2025-05-12 12:17:05,171980,56868,2152,264
2025-05-12 12:17:07,171980,57364,304,132
